<?xml version="1.0" encoding="UTF-8"?>
<configuration>
    <!-- 日志存放路径 -->
	<property name="log.path" value="/data/logs/mall" />
    <!-- 日志输出格式 -->
	<property name="log.pattern" value="[%d{yyyy-MM-dd HH:mm:ss.SSS}] [%-5level] [%thread] [%logger:%L] [%X{spanId}]: %msg%n" />

	<!-- 控制台输出 -->
	<appender name="console" class="ch.qos.logback.core.ConsoleAppender">
		<encoder>
			<pattern>${log.pattern}</pattern>
		</encoder>
	</appender>
	
	<!-- 系统日志输出 -->
	<appender name="file" class="ch.qos.logback.core.rolling.RollingFileAppender">
	    <file>${log.path}/mall.current.log</file>
        <!-- 循环政策：基于时间创建日志文件 -->
		<rollingPolicy class="ch.qos.logback.core.rolling.TimeBasedRollingPolicy">
            <!-- 日志文件名格式 -->
			<fileNamePattern>${log.path}/mall.%d{yyyy-MM-dd}.log</fileNamePattern>
			<!-- 日志最大的历史 10天 -->
			<maxHistory>10</maxHistory>
		</rollingPolicy>
		<encoder>
			<pattern>${log.pattern}</pattern>
		</encoder>
		<filter class="ch.qos.logback.classic.filter.ThresholdFilter">
            <!-- 过滤的级别 -->
            <level>DEBUG</level>
        </filter>
	</appender>
	
	<appender name="file_error" class="ch.qos.logback.core.rolling.RollingFileAppender">
	    <file>${log.path}/mall-error.log</file>
        <!-- 循环政策：基于时间创建日志文件 -->
        <rollingPolicy class="ch.qos.logback.core.rolling.TimeBasedRollingPolicy">
            <!-- 日志文件名格式 -->
            <fileNamePattern>${log.path}/mall-error.%d{yyyy-MM-dd}.log</fileNamePattern>
			<!-- 日志最大的历史 10天 -->
			<maxHistory>10</maxHistory>
        </rollingPolicy>
        <encoder>
            <pattern>${log.pattern}</pattern>
        </encoder>
        <filter class="ch.qos.logback.classic.filter.ThresholdFilter">
            <!-- 过滤的级别 -->
            <level>ERROR</level>
        </filter>
    </appender>

	<!-- 用户访问日志输出  -->
    <appender name="sys-user" class="ch.qos.logback.core.rolling.RollingFileAppender">
		<file>${log.path}/sys-user.log</file>
        <rollingPolicy class="ch.qos.logback.core.rolling.TimeBasedRollingPolicy">
            <!-- 按天回滚 daily -->
            <fileNamePattern>${log.path}/sys-user.%d{yyyy-MM-dd}.log</fileNamePattern>
            <!-- 日志最大的历史 10天 -->
            <maxHistory>10</maxHistory>
        </rollingPolicy>
        <encoder>
            <pattern>${log.pattern}</pattern>
        </encoder>
    </appender>

    <root level="info">
		<appender-ref ref="console" />
	</root>

    <logger name="org.springframework" level="warn" />
    <logger name="com.cyl.manager.aws.mapper" level="debug" />
    <logger name="com.cyl.manager.act.mapper" level="debug" />
    <logger name="com.cyl.manager.oms.mapper" level="debug" />
    <logger name="com.cyl.manager.pms.mapper" level="debug" />
    <logger name="com.cyl.manager.ums.mapper" level="debug" />
    <logger name="com.ruoyi.framework.aspectj.LoggingAspect" level="info" />
	
	<!--系统操作日志-->
    <root level="info">
        <appender-ref ref="file" />
        <appender-ref ref="file_error" />
    </root>
	
	<!--系统用户操作日志-->
    <logger name="sys-user" level="info">
        <appender-ref ref="sys-user"/>
    </logger>
</configuration> 
